{
    "avg_patents_per_inventor": 2.8157894736842106, 
    "clustering_cf": 0.6009543192219999, 
    "edge_count": 639, 
    "forward_citation_count": 4458, 
    "hindex": 21, 
    "max_scc_proportion": 0.45864661654135336, 
    "modularity": 0.7851237139407476, 
    "node_count": 266, 
    "num_sccs": 19, 
    "number_of_patents": 749, 
    "oldest_patent": 10
}