{
    "avg_patents_per_inventor": 3.0, 
    "clustering_cf": 0.6060656208812485, 
    "edge_count": 149, 
    "forward_citation_count": 1957, 
    "hindex": 21, 
    "max_scc_proportion": 0.7611940298507462, 
    "modularity": 0.5329039232467006, 
    "node_count": 67, 
    "num_sccs": 6, 
    "number_of_patents": 201, 
    "oldest_patent": 10
}