{
    "avg_patents_per_inventor": 1.5774647887323943, 
    "clustering_cf": 0.5172745876971229, 
    "edge_count": 94, 
    "forward_citation_count": 528, 
    "hindex": 11, 
    "max_scc_proportion": 0.2676056338028169, 
    "modularity": 0.7856496152105018, 
    "node_count": 71, 
    "num_sccs": 18, 
    "number_of_patents": 112, 
    "oldest_patent": 10
}