{
    "avg_patents_per_inventor": 0.6496350364963503, 
    "clustering_cf": 0.8772990934008765, 
    "edge_count": 465, 
    "forward_citation_count": 359, 
    "hindex": 10, 
    "max_scc_proportion": 0.45255474452554745, 
    "modularity": 0.6690484449069262, 
    "node_count": 137, 
    "num_sccs": 18, 
    "number_of_patents": 89, 
    "oldest_patent": 4
}