{
    "avg_patents_per_inventor": 1.1751824817518248, 
    "clustering_cf": 0.6288095319117217, 
    "edge_count": 525, 
    "forward_citation_count": 1839, 
    "hindex": 19, 
    "max_scc_proportion": 0.5036496350364964, 
    "modularity": 0.8289795918367344, 
    "node_count": 274, 
    "num_sccs": 37, 
    "number_of_patents": 322, 
    "oldest_patent": 10
}