{
    "avg_patents_per_inventor": 9.083333333333334, 
    "clustering_cf": 0.5833333333333334, 
    "edge_count": 12, 
    "forward_citation_count": 320, 
    "hindex": 8, 
    "max_scc_proportion": 0.3333333333333333, 
    "modularity": 0.5798611111111112, 
    "node_count": 12, 
    "num_sccs": 4, 
    "number_of_patents": 109, 
    "oldest_patent": 10
}