{
    "avg_patents_per_inventor": 3.0, 
    "clustering_cf": 0.5754381691516195, 
    "edge_count": 152, 
    "forward_citation_count": 1876, 
    "hindex": 21, 
    "max_scc_proportion": 0.9259259259259259, 
    "modularity": 0.4328038434903047, 
    "node_count": 54, 
    "num_sccs": 3, 
    "number_of_patents": 162
}