{
    "avg_patents_per_inventor": 1.4827586206896552, 
    "clustering_cf": 0.25321316614420064, 
    "edge_count": 69, 
    "forward_citation_count": 529, 
    "hindex": 13, 
    "max_scc_proportion": 0.8103448275862069, 
    "modularity": 0.6621508086536443, 
    "node_count": 58, 
    "num_sccs": 6, 
    "number_of_patents": 86, 
    "oldest_patent": 10
}