{
    "avg_patents_per_inventor": 1.1944444444444444, 
    "clustering_cf": 0.700925925925926, 
    "edge_count": 42, 
    "forward_citation_count": 150, 
    "hindex": 7, 
    "max_scc_proportion": 0.16666666666666666, 
    "modularity": 0.8129251700680271, 
    "node_count": 36, 
    "num_sccs": 10, 
    "number_of_patents": 43
}