{
    "avg_patents_per_inventor": 0.9387755102040817, 
    "clustering_cf": 0.6008422416585683, 
    "edge_count": 92, 
    "forward_citation_count": 322, 
    "hindex": 9, 
    "max_scc_proportion": 0.30612244897959184, 
    "modularity": 0.66109404536862, 
    "node_count": 49, 
    "num_sccs": 12, 
    "number_of_patents": 46, 
    "oldest_patent": 4
}