{
    "avg_patents_per_inventor": 1.2321428571428572, 
    "clustering_cf": 0.7282998663825729, 
    "edge_count": 162, 
    "forward_citation_count": 492, 
    "hindex": 11, 
    "max_scc_proportion": 0.6607142857142857, 
    "modularity": 0.40211095869532076, 
    "node_count": 56, 
    "num_sccs": 5, 
    "number_of_patents": 69
}