{
    "avg_patents_per_inventor": 0.8906976744186047, 
    "clustering_cf": 0.5840241928614021, 
    "edge_count": 469, 
    "forward_citation_count": 46, 
    "hindex": 4, 
    "max_scc_proportion": 0.053488372093023255, 
    "modularity": 0.970831192802361, 
    "node_count": 430, 
    "num_sccs": 147, 
    "number_of_patents": 383
}